locus,concept
Sin Grace and Redemption,sin
Sin Grace and Redemption,original sin
Sin Grace and Redemption,personal sin
Sin Grace and Redemption,mortal sin
Sin Grace and Redemption,venial sin
Sin Grace and Redemption,transgression
Sin Grace and Redemption,guilt
Sin Grace and Redemption,shame
Sin Grace and Redemption,concupiscence
Sin Grace and Redemption,temptation
Sin Grace and Redemption,repentance
Sin Grace and Redemption,conversion
Sin Grace and Redemption,contrition
Sin Grace and Redemption,penance
Sin Grace and Redemption,confession
Sin Grace and Redemption,absolution
Sin Grace and Redemption,forgiveness
Sin Grace and Redemption,mercy
Sin Grace and Redemption,grace
Sin Grace and Redemption,justification
Sin Grace and Redemption,redemption
Sin Grace and Redemption,salvation
Sin Grace and Redemption,sanctification
Sin Grace and Redemption,reconciliation
Sin Grace and Redemption,judgment
Love Communion and Sacramentality,love
Love Communion and Sacramentality,charity
Love Communion and Sacramentality,caritas
Love Communion and Sacramentality,agape
Love Communion and Sacramentality,eros
Love Communion and Sacramentality,friendship
Love Communion and Sacramentality,self-gift
Love Communion and Sacramentality,sacrifice
Love Communion and Sacramentality,compassion
Love Communion and Sacramentality,communion
Love Communion and Sacramentality,covenant
Love Communion and Sacramentality,marriage
Love Communion and Sacramentality,family
Love Communion and Sacramentality,sexuality
Love Communion and Sacramentality,chastity
Love Communion and Sacramentality,fidelity
Love Communion and Sacramentality,fruitfulness
Love Communion and Sacramentality,service
Love Communion and Sacramentality,solidarity
Love Communion and Sacramentality,neighbor
Love Communion and Sacramentality,enemy-love
Love Communion and Sacramentality,Eucharist
Love Communion and Sacramentality,sacrament
Love Communion and Sacramentality,prayer
Love Communion and Sacramentality,worship
Human Dignity and Theological Anthropology,human person
Human Dignity and Theological Anthropology,human dignity
Human Dignity and Theological Anthropology,imago Dei
Human Dignity and Theological Anthropology,body
Human Dignity and Theological Anthropology,soul
Human Dignity and Theological Anthropology,rational nature
Human Dignity and Theological Anthropology,embodiment
Human Dignity and Theological Anthropology,creatureliness
Human Dignity and Theological Anthropology,creation
Human Dignity and Theological Anthropology,personhood
Human Dignity and Theological Anthropology,conscience
Human Dignity and Theological Anthropology,free will
Human Dignity and Theological Anthropology,vocation
Human Dignity and Theological Anthropology,community
Human Dignity and Theological Anthropology,common good
Human Dignity and Theological Anthropology,subsidiarity
Human Dignity and Theological Anthropology,work
Human Dignity and Theological Anthropology,poverty
Human Dignity and Theological Anthropology,suffering
Human Dignity and Theological Anthropology,death
Human Dignity and Theological Anthropology,disability
Human Dignity and Theological Anthropology,unborn life
Human Dignity and Theological Anthropology,elderly life
Human Dignity and Theological Anthropology,migration
Human Dignity and Theological Anthropology,ecological responsibility
Freedom Truth and Moral Teleology,freedom
Freedom Truth and Moral Teleology,autonomy
Freedom Truth and Moral Teleology,obedience
Freedom Truth and Moral Teleology,truth
Freedom Truth and Moral Teleology,moral truth
Freedom Truth and Moral Teleology,natural law
Freedom Truth and Moral Teleology,divine law
Freedom Truth and Moral Teleology,moral law
Freedom Truth and Moral Teleology,commandment
Freedom Truth and Moral Teleology,virtue
Freedom Truth and Moral Teleology,prudence
Freedom Truth and Moral Teleology,justice
Freedom Truth and Moral Teleology,temperance
Freedom Truth and Moral Teleology,fortitude
Freedom Truth and Moral Teleology,holiness
Freedom Truth and Moral Teleology,beatitude
Freedom Truth and Moral Teleology,happiness
Freedom Truth and Moral Teleology,flourishing
Freedom Truth and Moral Teleology,discernment
Freedom Truth and Moral Teleology,authority
Freedom Truth and Moral Teleology,rights
Freedom Truth and Moral Teleology,duties
Freedom Truth and Moral Teleology,responsibility
Freedom Truth and Moral Teleology,liberation
Freedom Truth and Moral Teleology,license
